,nome,nota,diretor,ano,duracao,elenco
0,Um Sonho de Liberdade,9.3,Frank Darabont,1994,2h 22m,"['Tim Robbins', 'Morgan Freeman', 'Bob Gunton']"
1,O Poderoso Chefão,9.2,Francis Ford Coppola,1972,2h 55m,"['Marlon Brando', 'Al Pacino', 'James Caan']"
2,Batman: O Cavaleiro das Trevas,9.0,Christopher Nolan,2008,2h 32m,"['Christian Bale', 'Heath Ledger', 'Aaron Eckhart']"
3,O Poderoso Chefão II,9.0,Francis Ford Coppola,1974,3h 22m,"['Al Pacino', 'Robert De Niro', 'Robert Duvall']"
4,12 Homens e uma Sentença,9.0,Sidney Lumet,1957,1h 36m,"['Henry Fonda', 'Lee J. Cobb', 'Martin Balsam']"
5,A Lista de Schindler,9.0,Steven Spielberg,1993,3h 15m,"['Liam Neeson', 'Ralph Fiennes', 'Ben Kingsley']"
6,O Senhor dos Anéis: O Retorno do Rei,9.0,Peter Jackson,2003,3h 21m,"['Elijah Wood', 'Viggo Mortensen', 'Ian McKellen']"
7,Pulp Fiction: Tempo de Violência,8.9,Quentin Tarantino,1994,2h 34m,"['John Travolta', 'Uma Thurman', 'Samuel L. Jackson']"
8,O Senhor dos Anéis: A Sociedade do Anel,8.8,Peter Jackson,2001,2h 58m,"['Elijah Wood', 'Ian McKellen', 'Orlando Bloom']"
9,Três Homens em Conflito,8.8,Sergio Leone,1966,2h 41m,"['Clint Eastwood', 'Eli Wallach', 'Lee Van Cleef']"
10,Forrest Gump: O Contador de Histórias,8.8,Robert Zemeckis,1994,2h 22m,"['Tom Hanks', 'Robin Wright', 'Gary Sinise']"
11,Clube da Luta,8.8,David Fincher,1999,2h 19m,"['Brad Pitt', 'Edward Norton', 'Meat Loaf']"
12,A Origem,8.8,Christopher Nolan,2010,2h 28m,"['Leonardo DiCaprio', 'Joseph Gordon-Levitt', 'Elliot Page']"
13,O Senhor dos Anéis: As Duas Torres,8.8,Peter Jackson,2002,2h 59m,"['Elijah Wood', 'Ian McKellen', 'Viggo Mortensen']"
14,O Império Contra-Ataca,8.7,Irvin Kershner,1980,2h 4m,"['Mark Hamill', 'Harrison Ford', 'Carrie Fisher']"
15,Matrix,8.7,Lana Wachowski,1999,2h 16m,"['Keanu Reeves', 'Laurence Fishburne', 'Carrie-Anne Moss']"
16,Os Bons Companheiros,8.7,Martin Scorsese,1990,2h 25m,"['Robert De Niro', 'Ray Liotta', 'Joe Pesci']"
17,Um Estranho no Ninho,8.7,Milos Forman,1975,2h 13m,"['Jack Nicholson', 'Louise Fletcher', 'Michael Berryman']"
18,Seven: Os Sete Crimes Capitais,8.6,David Fincher,1995,2h 7m,"['Morgan Freeman', 'Brad Pitt', 'Kevin Spacey']"
19,Os Sete Samurais,8.6,Akira Kurosawa,1954,3h 27m,"['Toshirô Mifune', 'Takashi Shimura', 'Keiko Tsushima']"
20,A Felicidade Não se Compra,8.6,Frank Capra,1946,2h 10m,"['James Stewart', 'Donna Reed', 'Lionel Barrymore']"
21,O Silêncio dos Inocentes,8.6,Jonathan Demme,1991,1h 58m,"['Jodie Foster', 'Anthony Hopkins', 'Lawrence A. Bonney']"
22,Cidade de Deus,8.6,Fernando Meirelles,2002,2h 10m,"['Alexandre Rodrigues', 'Leandro Firmino', 'Matheus Nachtergaele']"
23,O Resgate do Soldado Ryan,8.6,Steven Spielberg,1998,2h 49m,"['Tom Hanks', 'Matt Damon', 'Tom Sizemore']"
24,A Vida é Bela,8.6,Roberto Benigni,1997,1h 56m,"['Roberto Benigni', 'Nicoletta Braschi', 'Giorgio Cantarini']"
25,À Espera de um Milagre,8.6,Frank Darabont,1999,3h 9m,"['Tom Hanks', 'Michael Clarke Duncan', 'David Morse']"
26,Guerra nas Estrelas,8.6,George Lucas,1977,2h 1m,"['Mark Hamill', 'Harrison Ford', 'Carrie Fisher']"
27,Interestelar,8.6,Christopher Nolan,2014,2h 49m,"['Matthew McConaughey', 'Anne Hathaway', 'Jessica Chastain']"
28,O Exterminador do Futuro 2 - O Julgamento Final,8.6,James Cameron,1991,2h 17m,"['Arnold Schwarzenegger', 'Linda Hamilton', 'Edward Furlong']"
29,De Volta para o Futuro,8.5,Robert Zemeckis,1985,1h 56m,"['Michael J. Fox', 'Christopher Lloyd', 'Lea Thompson']"
30,A Viagem de Chihiro,8.6,Hayao Miyazaki,2001,2h 5m,"['Daveigh Chase', 'Suzanne Pleshette', 'Miyu Irino']"
31,Psicose,8.5,Alfred Hitchcock,1960,1h 49m,"['Anthony Perkins', 'Janet Leigh', 'Vera Miles']"
32,O Pianista,8.5,Roman Polanski,2002,2h 30m,"['Adrien Brody', 'Thomas Kretschmann', 'Frank Finlay']"
33,O Profissional,8.5,Luc Besson,1994,1h 50m,"['Jean Reno', 'Gary Oldman', 'Natalie Portman']"
34,Parasita,8.5,Bong Joon Ho,2019,2h 12m,"['Kang-ho Song', 'Sun-kyun Lee', 'Yeo-jeong Cho']"
35,O Rei Leão,8.5,Roger Allers,1994,1h 28m,"['Matthew Broderick', 'Jeremy Irons', 'James Earl Jones']"
36,Gladiador,8.5,Ridley Scott,2000,2h 35m,"['Russell Crowe', 'Joaquin Phoenix', 'Connie Nielsen']"
37,A Outra História Americana,8.5,Tony Kaye,1998,1h 59m,"['Edward Norton', 'Edward Furlong', ""Beverly D'Angelo""]"
38,Os Suspeitos,8.5,Bryan Singer,1995,1h 46m,"['Kevin Spacey', 'Gabriel Byrne', 'Chazz Palminteri']"
39,Os Infiltrados,8.5,Martin Scorsese,2006,2h 31m,"['Leonardo DiCaprio', 'Matt Damon', 'Jack Nicholson']"
40,O Grande Truque,8.5,Christopher Nolan,2006,2h 10m,"['Christian Bale', 'Hugh Jackman', 'Scarlett Johansson']"
41,Casablanca,8.5,Michael Curtiz,1942,1h 42m,"['Humphrey Bogart', 'Ingrid Bergman', 'Paul Henreid']"
42,Whiplash: Em Busca da Perfeição,8.5,Damien Chazelle,2014,1h 46m,"['Miles Teller', 'J.K. Simmons', 'Melissa Benoist']"
43,Intocáveis,8.5,Olivier Nakache,2011,1h 52m,"['François Cluzet', 'Omar Sy', 'Anne Le Ny']"
44,Tempos Modernos,8.5,Charles Chaplin,1936,1h 27m,"['Charles Chaplin', 'Paulette Goddard', 'Henry Bergman']"
45,Harakiri,8.6,Masaki Kobayashi,1962,2h 13m,"['Tatsuya Nakadai', 'Akira Ishihama', 'Shima Iwashita']"
46,Era uma Vez no Oeste,8.5,Sergio Leone,1968,2h 45m,"['Henry Fonda', 'Charles Bronson', 'Claudia Cardinale']"
47,Túmulo dos Vagalumes,8.5,Isao Takahata,1988,1h 29m,"['Tsutomu Tatsumi', 'Ayano Shiraishi', 'Akemi Yamaguchi']"
48,Janela Indiscreta,8.5,Alfred Hitchcock,1954,1h 52m,"['James Stewart', 'Grace Kelly', 'Wendell Corey']"
49,Alien - O 8º Passageiro,8.5,Ridley Scott,1979,1h 57m,"['Sigourney Weaver', 'Tom Skerritt', 'John Hurt']"
50,Luzes da Cidade,8.5,Charles Chaplin,1931,1h 27m,"['Charles Chaplin', 'Virginia Cherrill', 'Florence Lee']"
51,Cinema Paradiso,8.5,Giuseppe Tornatore,1988,2h 35m,"['Philippe Noiret', 'Enzo Cannavale', 'Antonella Attili']"
52,Amnésia,8.4,Christopher Nolan,2000,1h 53m,"['Guy Pearce', 'Carrie-Anne Moss', 'Joe Pantoliano']"
53,Apocalypse Now,8.5,Francis Ford Coppola,1979,2h 27m,"['Martin Sheen', 'Marlon Brando', 'Robert Duvall']"
54,Os Caçadores da Arca Perdida,8.4,Steven Spielberg,1981,1h 55m,"['Harrison Ford', 'Karen Allen', 'Paul Freeman']"
55,Django Livre,8.4,Quentin Tarantino,2012,2h 45m,"['Jamie Foxx', 'Christoph Waltz', 'Leonardo DiCaprio']"
56,Tudo em Todo Lugar ao Mesmo Tempo,8.6,Dan Kwan,2022,2h 19m,"['Michelle Yeoh', 'Stephanie Hsu', 'Ke Huy Quan']"
57,WALL·E,8.4,Andrew Stanton,2008,1h 38m,"['Ben Burtt', 'Elissa Knight', 'Jeff Garlin']"
58,A Vida dos Outros,8.4,Florian Henckel von Donnersmarck,2006,2h 17m,"['Ulrich Mühe', 'Martina Gedeck', 'Sebastian Koch']"
59,Crepúsculo dos Deuses,8.4,Billy Wilder,1950,1h 50m,"['William Holden', 'Gloria Swanson', 'Erich von Stroheim']"
60,Glória Feita de Sangue,8.4,Stanley Kubrick,1957,1h 28m,"['Kirk Douglas', 'Ralph Meeker', 'Adolphe Menjou']"
61,O Iluminado,8.4,Stanley Kubrick,1980,2h 26m,"['Jack Nicholson', 'Shelley Duvall', 'Danny Lloyd']"
62,O Grande Ditador,8.4,Charles Chaplin,1940,2h 5m,"['Charles Chaplin', 'Paulette Goddard', 'Jack Oakie']"
63,Testemunha de Acusação,8.4,Billy Wilder,1957,1h 56m,"['Tyrone Power', 'Marlene Dietrich', 'Charles Laughton']"
64,Vingadores: Guerra Infinita,8.4,Anthony Russo,2018,2h 29m,"['Robert Downey Jr.', 'Chris Hemsworth', 'Mark Ruffalo']"
65,"Aliens, O Resgate",8.4,James Cameron,1986,2h 17m,"['Sigourney Weaver', 'Michael Biehn', 'Carrie Henn']"
66,Beleza Americana,8.4,Sam Mendes,1999,2h 2m,"['Kevin Spacey', 'Annette Bening', 'Thora Birch']"
67,Dr. Fantástico,8.4,Stanley Kubrick,1964,1h 35m,"['Peter Sellers', 'George C. Scott', 'Sterling Hayden']"
68,Batman: O Cavaleiro das Trevas Ressurge,8.4,Christopher Nolan,2012,2h 44m,"['Christian Bale', 'Tom Hardy', 'Anne Hathaway']"
69,Homem-Aranha no Aranhaverso,8.4,Bob Persichetti,2018,1h 57m,"['Shameik Moore', 'Jake Johnson', 'Hailee Steinfeld']"
70,Coringa,8.4,Todd Phillips,2019,2h 2m,"['Joaquin Phoenix', 'Robert De Niro', 'Zazie Beetz']"
71,Oldboy,8.4,Park Chan-wook,2003,2h,"['Choi Min-sik', 'Yoo Ji-Tae', 'Kang Hye-jeong']"
72,Coração Valente,8.4,Mel Gibson,1995,2h 58m,"['Mel Gibson', 'Sophie Marceau', 'Patrick McGoohan']"
73,Amadeus,8.4,Milos Forman,1984,2h 40m,"['F. Murray Abraham', 'Tom Hulce', 'Elizabeth Berridge']"
74,Toy Story,8.3,John Lasseter,1995,1h 21m,"['Tom Hanks', 'Tim Allen', 'Don Rickles']"
75,Viva: A Vida é uma Festa,8.4,Lee Unkrich,2017,1h 45m,"['Anthony Gonzalez', 'Gael García Bernal', 'Benjamin Bratt']"
76,O Barco: Inferno no Mar,8.4,Wolfgang Petersen,1981,2h 29m,"['Jürgen Prochnow', 'Herbert Grönemeyer', 'Klaus Wennemann']"
77,Bastardos Inglórios,8.3,Quentin Tarantino,2009,2h 33m,"['Brad Pitt', 'Diane Kruger', 'Eli Roth']"
78,Princesa Mononoke,8.4,Hayao Miyazaki,1997,2h 14m,"['Yôji Matsuda', 'Yuriko Ishida', 'Yûko Tanaka']"
79,Era uma Vez na América,8.3,Sergio Leone,1984,3h 49m,"['Robert De Niro', 'James Woods', 'Elizabeth McGovern']"
80,Vingadores: Ultimato,8.4,Anthony Russo,2019,3h 1m,"['Robert Downey Jr.', 'Chris Evans', 'Mark Ruffalo']"
81,Gênio Indomável,8.3,Gus Van Sant,1997,2h 6m,"['Robin Williams', 'Matt Damon', 'Ben Affleck']"
82,Réquiem para um Sonho,8.3,Darren Aronofsky,2000,1h 42m,"['Ellen Burstyn', 'Jared Leto', 'Jennifer Connelly']"
83,Toy Story 3,8.3,Lee Unkrich,2010,1h 43m,"['Tom Hanks', 'Tim Allen', 'Joan Cusack']"
84,Cantando na Chuva,8.3,Stanley Donen,1952,1h 43m,"['Gene Kelly', ""Donald O'Connor"", 'Debbie Reynolds']"
85,Your Name.,8.4,Makoto Shinkai,2016,1h 46m,"['Ryûnosuke Kamiki', 'Mone Kamishiraishi', 'Ryô Narita']"
86,3 Idiotas,8.4,Rajkumar Hirani,2009,2h 50m,"['Aamir Khan', 'Madhavan', 'Mona Singh']"
87,"Star Wars, Episódio VI: O Retorno do Jedi",8.3,Richard Marquand,1983,2h 11m,"['Mark Hamill', 'Harrison Ford', 'Carrie Fisher']"
88,2001: Uma Odisséia no Espaço,8.3,Stanley Kubrick,1968,2h 29m,"['Keir Dullea', 'Gary Lockwood', 'William Sylvester']"
89,Cães de Aluguel,8.3,Quentin Tarantino,1992,1h 39m,"['Harvey Keitel', 'Tim Roth', 'Michael Madsen']"
90,Brilho Eterno de uma Mente sem Lembranças,8.3,Michel Gondry,2004,1h 48m,"['Jim Carrey', 'Kate Winslet', 'Tom Wilkinson']"
91,Céu E Inferno,8.4,Akira Kurosawa,1963,2h 23m,"['Toshirô Mifune', 'Yutaka Sada', 'Tatsuya Nakadai']"
92,Cidadão Kane,8.3,Orson Welles,1941,1h 59m,"['Orson Welles', 'Joseph Cotten', 'Dorothy Comingore']"
93,Cafarnaum,8.4,Nadine Labaki,2018,2h 6m,"['Zain Al Rafeea', 'Yordanos Shiferaw', 'Boluwatife Treasure Bankole']"
94,Lawrence da Arábia,8.3,David Lean,1962,3h 38m,"[""Peter O'Toole"", 'Alec Guinness', 'Anthony Quinn']"
95,"M, o Vampiro de Dusseldorf",8.3,Fritz Lang,1931,1h 57m,"['Peter Lorre', 'Ellen Widmann', 'Inge Landgut']"
96,A Caça,8.3,Thomas Vinterberg,2012,1h 55m,"['Mads Mikkelsen', 'Thomas Bo Larsen', 'Annika Wedderkopp']"
97,Intriga Internacional,8.3,Alfred Hitchcock,1959,2h 16m,"['Cary Grant', 'Eva Marie Saint', 'James Mason']"
98,Um Corpo que Cai,8.3,Alfred Hitchcock,1958,2h 8m,"['James Stewart', 'Kim Novak', 'Barbara Bel Geddes']"
99,O Fabuloso Destino de Amélie Poulain,8.3,Jean-Pierre Jeunet,2001,2h 2m,"['Audrey Tautou', 'Mathieu Kassovitz', 'Rufus']"
100,Laranja Mecânica,8.3,Stanley Kubrick,1971,2h 16m,"['Malcolm McDowell', 'Patrick Magee', 'Michael Bates']"
101,Vá e Veja,8.4,Elem Klimov,1985,2h 22m,"['Aleksey Kravchenko', 'Olga Mironova', 'Liubomiras Laucevicius']"
102,Nascido para Matar,8.3,Stanley Kubrick,1987,1h 56m,"['Matthew Modine', 'R. Lee Ermey', ""Vincent D'Onofrio""]"
103,Pacto de Sangue,8.3,Billy Wilder,1944,1h 47m,"['Fred MacMurray', 'Barbara Stanwyck', 'Edward G. Robinson']"
104,Se Meu Apartamento Falasse,8.3,Billy Wilder,1960,2h 5m,"['Jack Lemmon', 'Shirley MacLaine', 'Fred MacMurray']"
105,Scarface,8.3,Brian De Palma,1983,2h 50m,"['Al Pacino', 'Michelle Pfeiffer', 'Steven Bauer']"
106,Homem-Aranha: Sem Volta para Casa,8.4,Jon Watts,2021,2h 28m,"['Tom Holland', 'Zendaya', 'Benedict Cumberbatch']"
107,O Sol é para Todos,8.3,Robert Mulligan,1962,2h 9m,"['Gregory Peck', 'John Megna', 'Frank Overton']"
108,Viver,8.3,Akira Kurosawa,1952,2h 23m,"['Takashi Shimura', 'Nobuo Kaneko', ""Shin'ichi Himori""]"
109,Taxi Driver: Motorista de Táxi,8.2,Martin Scorsese,1976,1h 54m,"['Robert De Niro', 'Jodie Foster', 'Cybill Shepherd']"
110,Golpe de Mestre,8.3,George Roy Hill,1973,2h 9m,"['Paul Newman', 'Robert Redford', 'Robert Shaw']"
111,Los Angeles: Cidade Proibida,8.2,Curtis Hanson,1997,2h 18m,"['Kevin Spacey', 'Russell Crowe', 'Guy Pearce']"
112,Hamilton,8.4,Thomas Kail,2020,2h 40m,"['Lin-Manuel Miranda', 'Phillipa Soo', 'Leslie Odom Jr.']"
113,Up: Altas Aventuras,8.3,Pete Docter,2009,1h 36m,"['Edward Asner', 'Jordan Nagai', 'John Ratzenberger']"
114,Fogo Contra Fogo,8.3,Michael Mann,1995,2h 50m,"['Al Pacino', 'Robert De Niro', 'Val Kilmer']"
115,Metrópolis,8.3,Fritz Lang,1927,2h 33m,"['Brigitte Helm', 'Alfred Abel', 'Gustav Fröhlich']"
116,Snatch: Porcos e Diamantes,8.3,Guy Ritchie,2000,1h 44m,"['Jason Statham', 'Brad Pitt', 'Stephen Graham']"
117,A Separação,8.3,Asghar Farhadi,2011,2h 3m,"['Payman Maadi', 'Leila Hatami', 'Sareh Bayat']"
118,Duro de Matar,8.2,John McTiernan,1988,2h 12m,"['Bruce Willis', 'Alan Rickman', 'Bonnie Bedelia']"
119,Incêndios,8.3,Denis Villeneuve,2010,2h 11m,"['Lubna Azabal', 'Mélissa Désormeaux-Poulin', 'Maxim Gaudette']"
120,Indiana Jones e a Última Cruzada,8.2,Steven Spielberg,1989,2h 7m,"['Harrison Ford', 'Sean Connery', 'Alison Doody']"
121,Ladrões de Bicicletas,8.3,Vittorio De Sica,1948,1h 29m,"['Lamberto Maggiorani', 'Enzo Staiola', 'Lianella Carell']"
122,1917,8.2,Sam Mendes,2019,1h 59m,"['Dean-Charles Chapman', 'George MacKay', 'Daniel Mays']"
123,Como Estrelas na Terra,8.3,Aamir Khan,2007,2h 45m,"['Darsheel Safary', 'Aamir Khan', 'Tisca Chopra']"
124,A Queda! As Últimas Horas de Hitler,8.2,Oliver Hirschbiegel,2004,2h 36m,"['Bruno Ganz', 'Alexandra Maria Lara', 'Ulrich Matthes']"
125,Por uns Dólares a Mais,8.2,Sergio Leone,1965,2h 12m,"['Clint Eastwood', 'Lee Van Cleef', 'Gian Maria Volontè']"
126,Batman Begins,8.2,Christopher Nolan,2005,2h 20m,"['Christian Bale', 'Michael Caine', 'Ken Watanabe']"
127,Dangal,8.3,Nitesh Tiwari,2016,2h 41m,"['Aamir Khan', 'Sakshi Tanwar', 'Fatima Sana Shaikh']"
128,O Garoto,8.3,Charles Chaplin,1921,1h 8m,"['Charles Chaplin', 'Edna Purviance', 'Jackie Coogan']"
129,Quanto Mais Quente Melhor,8.2,Billy Wilder,1959,2h 1m,"['Marilyn Monroe', 'Tony Curtis', 'Jack Lemmon']"
130,Meu Pai,8.3,Florian Zeller,2020,1h 37m,"['Anthony Hopkins', 'Olivia Colman', 'Mark Gatiss']"
131,A Malvada,8.2,Joseph L. Mankiewicz,1950,2h 18m,"['Bette Davis', 'Anne Baxter', 'George Sanders']"
132,Green Book: O Guia,8.2,Peter Farrelly,2018,2h 10m,"['Viggo Mortensen', 'Mahershala Ali', 'Linda Cardellini']"
133,O Lobo de Wall Street,8.2,Martin Scorsese,2013,3h,"['Leonardo DiCaprio', 'Jonah Hill', 'Margot Robbie']"
134,Julgamento em Nuremberg,8.3,Stanley Kramer,1961,2h 59m,"['Spencer Tracy', 'Burt Lancaster', 'Richard Widmark']"
135,Os Imperdoáveis,8.2,Clint Eastwood,1992,2h 10m,"['Clint Eastwood', 'Gene Hackman', 'Morgan Freeman']"
136,O Labirinto do Fauno,8.2,Guillermo del Toro,2006,1h 58m,"['Ivana Baquero', 'Ariadna Gil', 'Sergi López']"
137,Cassino,8.2,Martin Scorsese,1995,2h 58m,"['Robert De Niro', 'Sharon Stone', 'Joe Pesci']"
138,Ran,8.2,Akira Kurosawa,1985,2h 42m,"['Tatsuya Nakadai', 'Akira Terao', 'Jinpachi Nezu']"
139,Sangue Negro,8.2,Paul Thomas Anderson,2007,2h 38m,"['Daniel Day-Lewis', 'Paul Dano', 'Ciarán Hinds']"
140,O Sexto Sentido,8.2,M. Night Shyamalan,1999,1h 47m,"['Bruce Willis', 'Haley Joel Osment', 'Toni Collette']"
141,Uma Mente Brilhante,8.2,Ron Howard,2001,2h 15m,"['Russell Crowe', 'Ed Harris', 'Jennifer Connelly']"
142,Monty Python em Busca do Cálice Sagrado,8.2,Terry Gilliam,1975,1h 31m,"['Graham Chapman', 'John Cleese', 'Eric Idle']"
143,O Show de Truman: O Show da Vida,8.2,Peter Weir,1998,1h 43m,"['Jim Carrey', 'Ed Harris', 'Laura Linney']"
144,"Yojimbo, o Guarda-Costas",8.2,Akira Kurosawa,1961,1h 50m,"['Toshirô Mifune', 'Eijirô Tôno', 'Tatsuya Nakadai']"
145,O Tesouro da Sierra Madre,8.2,John Huston,1948,2h 6m,"['Humphrey Bogart', 'Walter Huston', 'Tim Holt']"
146,Rashomon,8.2,Akira Kurosawa,1950,1h 28m,"['Toshirô Mifune', 'Machiko Kyô', 'Masayuki Mori']"
147,Fugindo do Inferno,8.2,John Sturges,1963,2h 52m,"['Steve McQueen', 'James Garner', 'Richard Attenborough']"
148,Ilha do Medo,8.2,Martin Scorsese,2010,2h 18m,"['Leonardo DiCaprio', 'Emily Mortimer', 'Mark Ruffalo']"
149,Kill Bill: Volume 1,8.2,Quentin Tarantino,2003,1h 51m,"['Uma Thurman', 'David Carradine', 'Daryl Hannah']"
150,Jurassic Park,8.2,Steven Spielberg,1993,2h 7m,"['Sam Neill', 'Laura Dern', 'Jeff Goldblum']"
151,Onde os Fracos Não Têm Vez,8.2,Ethan Coen,2007,2h 2m,"['Tommy Lee Jones', 'Javier Bardem', 'Josh Brolin']"
152,O Homem Elefante,8.2,David Lynch,1980,2h 4m,"['Anthony Hopkins', 'John Hurt', 'Anne Bancroft']"
153,Procurando Nemo,8.2,Andrew Stanton,2003,1h 40m,"['Albert Brooks', 'Ellen DeGeneres', 'Alexander Gould']"
154,Touro Indomável,8.2,Martin Scorsese,1980,2h 9m,"['Robert De Niro', 'Cathy Moriarty', 'Joe Pesci']"
155,Chinatown,8.2,Roman Polanski,1974,2h 10m,"['Jack Nicholson', 'Faye Dunaway', 'John Huston']"
156,...E o Vento Levou,8.2,Victor Fleming,1939,3h 58m,"['Clark Gable', 'Vivien Leigh', 'Thomas Mitchell']"
157,V de Vingança,8.2,James McTeigue,2005,2h 12m,"['Hugo Weaving', 'Natalie Portman', 'Rupert Graves']"
158,Divertida Mente,8.2,Pete Docter,2015,1h 35m,"['Amy Poehler', 'Bill Hader', 'Lewis Black']"
159,"Jogos, Trapaças e Dois Canos Fumegantes",8.2,Guy Ritchie,1998,1h 47m,"['Jason Flemyng', 'Dexter Fletcher', 'Nick Moran']"
160,O Enigma de Outro Mundo,8.2,John Carpenter,1982,1h 49m,"['Kurt Russell', 'Wilford Brimley', 'Keith David']"
161,Disque M para Matar,8.2,Alfred Hitchcock,1954,1h 45m,"['Ray Milland', 'Grace Kelly', 'Robert Cummings']"
162,O Segredo dos Seus Olhos,8.2,Juan José Campanella,2009,2h 9m,"['Ricardo Darín', 'Soledad Villamil', 'Pablo Rago']"
163,A Ponte do Rio Kwai,8.2,David Lean,1957,2h 41m,"['William Holden', 'Alec Guinness', 'Jack Hawkins']"
164,O Castelo Animado,8.2,Hayao Miyazaki,2004,1h 59m,"['Chieko Baishô', 'Takuya Kimura', 'Tatsuya Gashûin']"
165,Três Anúncios para um Crime,8.1,Martin McDonagh,2017,1h 55m,"['Frances McDormand', 'Woody Harrelson', 'Sam Rockwell']"
166,Trainspotting: Sem Limites,8.1,Danny Boyle,1996,1h 33m,"['Ewan McGregor', 'Ewen Bremner', 'Jonny Lee Miller']"
167,Gran Torino,8.1,Clint Eastwood,2008,1h 56m,"['Clint Eastwood', 'Bee Vang', 'Christopher Carley']"
168,Guerreiro,8.2,Gavin O'Connor,2011,2h 20m,"['Tom Hardy', 'Nick Nolte', 'Joel Edgerton']"
169,Fargo: Uma Comédia de Erros,8.1,Joel Coen,1996,1h 38m,"['William H. Macy', 'Frances McDormand', 'Steve Buscemi']"
170,Meu Amigo Totoro,8.1,Hayao Miyazaki,1988,1h 26m,"['Hitoshi Takagi', 'Noriko Hidaka', 'Chika Sakamoto']"
171,Os Suspeitos,8.1,Denis Villeneuve,2013,2h 33m,"['Hugh Jackman', 'Jake Gyllenhaal', 'Viola Davis']"
172,Menina de Ouro,8.1,Clint Eastwood,2004,2h 12m,"['Hilary Swank', 'Clint Eastwood', 'Morgan Freeman']"
173,Em Busca do Ouro,8.2,Charles Chaplin,1925,1h 35m,"['Charles Chaplin', 'Mack Swain', 'Tom Murray']"
174,Blade Runner: O Caçador de Androides,8.1,Ridley Scott,1982,1h 57m,"['Harrison Ford', 'Rutger Hauer', 'Sean Young']"
175,Prenda-me se for Capaz,8.1,Steven Spielberg,2002,2h 21m,"['Leonardo DiCaprio', 'Tom Hanks', 'Christopher Walken']"
176,Sindicato de Ladrões,8.1,Elia Kazan,1954,1h 48m,"['Marlon Brando', 'Karl Malden', 'Lee J. Cobb']"
177,O 3º Homem,8.1,Carol Reed,1949,1h 44m,"['Orson Welles', 'Joseph Cotten', 'Alida Valli']"
178,Filhos do Paraíso,8.2,Majid Majidi,1997,1h 29m,"['Mohammad Amir Naji', 'Amir Farrokh Hashemian', 'Bahare Seddiqi']"
179,Ben-Hur,8.1,William Wyler,1959,3h 32m,"['Charlton Heston', 'Jack Hawkins', 'Stephen Boyd']"
180,A General,8.2,Clyde Bruckman,1926,1h 7m,"['Buster Keaton', 'Marion Mack', 'Glen Cavender']"
181,12 Anos de Escravidão,8.1,Steve McQueen,2013,2h 14m,"['Chiwetel Ejiofor', 'Michael Kenneth Williams', 'Michael Fassbender']"
182,Garota Exemplar,8.1,David Fincher,2014,2h 29m,"['Ben Affleck', 'Rosamund Pike', 'Neil Patrick Harris']"
183,Morangos Silvestres,8.1,Ingmar Bergman,1957,1h 31m,"['Victor Sjöström', 'Bibi Andersson', 'Ingrid Thulin']"
184,O Franco Atirador,8.1,Michael Cimino,1978,3h 3m,"['Robert De Niro', 'Christopher Walken', 'John Cazale']"
185,Antes do Amanhecer,8.1,Richard Linklater,1995,1h 41m,"['Ethan Hawke', 'Julie Delpy', 'Andrea Eckert']"
186,Harry Potter e as Relíquias da Morte - Parte 2,8.1,David Yates,2011,2h 10m,"['Daniel Radcliffe', 'Emma Watson', 'Rupert Grint']"
187,Em Nome do Pai,8.1,Jim Sheridan,1993,2h 13m,"['Daniel Day-Lewis', 'Pete Postlethwaite', 'Alison Crosbie']"
188,O Grande Hotel Budapeste,8.1,Wes Anderson,2014,1h 39m,"['Ralph Fiennes', 'F. Murray Abraham', 'Mathieu Amalric']"
189,A Mulher Faz o Homem,8.1,Frank Capra,1939,2h 9m,"['James Stewart', 'Jean Arthur', 'Claude Rains']"
190,O Salário do Medo,8.2,Henri-Georges Clouzot,1953,2h 11m,"['Yves Montand', 'Charles Vanel', 'Peter van Eyck']"
191,Bancando o Águia,8.2,Buster Keaton,1924,45m,"['Buster Keaton', 'Kathryn McGuire', 'Joe Keaton']"
192,Barry Lyndon,8.1,Stanley Kubrick,1975,3h 5m,"[""Ryan O'Neal"", 'Marisa Berenson', 'Patrick Magee']"
193,O Quarto de Jack,8.1,Lenny Abrahamson,2015,1h 58m,"['Brie Larson', 'Jacob Tremblay', 'Sean Bridgers']"
194,Memórias de um Assassino,8.1,Bong Joon Ho,2003,2h 11m,"['Kang-ho Song', 'Kim Sang-kyung', 'Roe-ha Kim']"
195,O Sétimo Selo,8.1,Ingmar Bergman,1957,1h 36m,"['Max von Sydow', 'Gunnar Björnstrand', 'Bengt Ekerot']"
196,Até o Último Homem,8.1,Mel Gibson,2016,2h 19m,"['Andrew Garfield', 'Sam Worthington', 'Luke Bracey']"
197,Klaus,8.1,Sergio Pablos,2019,1h 36m,"['Jason Schwartzman', 'J.K. Simmons', 'Rashida Jones']"
198,Relatos Selvagens,8.1,Damián Szifron,2014,2h 2m,"['Darío Grandinetti', 'María Marull', 'Mónica Villa']"
199,O Grande Lebowski,8.1,Joel Coen,1998,1h 57m,"['Jeff Bridges', 'John Goodman', 'Julianne Moore']"
200,Como Treinar o Seu Dragão,8.1,Dean DeBlois,2010,1h 38m,"['Jay Baruchel', 'Gerard Butler', 'Christopher Mintz-Plasse']"
201,Mad Max: Estrada da Fúria,8.1,George Miller,2015,2h,"['Tom Hardy', 'Charlize Theron', 'Nicholas Hoult']"
202,Mary e Max: Uma Amizade Diferente,8.1,Adam Elliot,2009,1h 32m,"['Toni Collette', 'Philip Seymour Hoffman', 'Eric Bana']"
203,Monstros S.A.,8.1,Pete Docter,2001,1h 32m,"['Billy Crystal', 'John Goodman', 'Mary Gibbs']"
204,Tubarão,8.1,Steven Spielberg,1975,2h 4m,"['Roy Scheider', 'Robert Shaw', 'Richard Dreyfuss']"
205,O Martírio de Joana D'Arc,8.2,Carl Theodor Dreyer,1928,1h 50m,"['Maria Falconetti', 'Eugene Silvain', 'André Berley']"
206,A Canção da Estrada,8.3,Satyajit Ray,1955,2h 5m,"['Kanu Bannerjee', 'Karuna Bannerjee', 'Subir Banerjee']"
207,Hotel Ruanda,8.1,Terry George,2004,2h 1m,"['Don Cheadle', 'Sophie Okonedo', 'Joaquin Phoenix']"
208,Era uma Vez em Tóquio,8.2,Yasujirô Ozu,1953,2h 16m,"['Chishû Ryû', 'Chieko Higashiyama', 'Sô Yamamura']"
209,Sociedade dos Poetas Mortos,8.1,Peter Weir,1989,2h 8m,"['Robin Williams', 'Robert Sean Leonard', 'Ethan Hawke']"
210,Platoon,8.1,Oliver Stone,1986,2h,"['Charlie Sheen', 'Tom Berenger', 'Willem Dafoe']"
211,Rocky: Um Lutador,8.1,John G. Avildsen,1976,2h,"['Sylvester Stallone', 'Talia Shire', 'Burt Young']"
212,Ford vs Ferrari,8.1,James Mangold,2019,2h 32m,"['Matt Damon', 'Christian Bale', 'Jon Bernthal']"
213,Conta Comigo,8.1,Rob Reiner,1986,1h 29m,"['Wil Wheaton', 'River Phoenix', 'Corey Feldman']"
214,O Exterminador do Futuro,8.1,James Cameron,1984,1h 47m,"['Arnold Schwarzenegger', 'Linda Hamilton', 'Michael Biehn']"
215,Rush: No Limite da Emoção,8.1,Ron Howard,2013,2h 3m,"['Daniel Brühl', 'Chris Hemsworth', 'Olivia Wilde']"
216,Spotlight: Segredos Revelados,8.1,Tom McCarthy,2015,2h 9m,"['Mark Ruffalo', 'Michael Keaton', 'Rachel McAdams']"
217,Na Natureza Selvagem,8.1,Sean Penn,2007,2h 28m,"['Emile Hirsch', 'Vince Vaughn', 'Catherine Keener']"
218,Rede de Intrigas,8.1,Sidney Lumet,1976,2h 1m,"['Faye Dunaway', 'William Holden', 'Peter Finch']"
219,O Mágico de Oz,8.1,Victor Fleming,1939,1h 42m,"['Judy Garland', 'Frank Morgan', 'Ray Bolger']"
220,Logan,8.1,James Mangold,2017,2h 17m,"['Hugh Jackman', 'Patrick Stewart', 'Dafne Keen']"
221,Feitiço do Tempo,8.1,Harold Ramis,1993,1h 41m,"['Bill Murray', 'Andie MacDowell', 'Chris Elliott']"
222,Ratatouille,8.1,Brad Bird,2007,1h 51m,"['Brad Garrett', 'Lou Romano', 'Patton Oswalt']"
223,O Exorcista,8.1,William Friedkin,1973,2h 2m,"['Ellen Burstyn', 'Max von Sydow', 'Linda Blair']"
224,Antes do Pôr-do-Sol,8.1,Richard Linklater,2004,1h 20m,"['Ethan Hawke', 'Julie Delpy', 'Vernon Dobtcheff']"
225,Os Melhores Anos de Nossa Vida,8.1,William Wyler,1946,2h 50m,"['Myrna Loy', 'Dana Andrews', 'Fredric March']"
226,Os Incríveis,8.0,Brad Bird,2004,1h 55m,"['Craig T. Nelson', 'Samuel L. Jackson', 'Holly Hunter']"
227,Ser ou Não Ser,8.2,Ernst Lubitsch,1942,1h 39m,"['Carole Lombard', 'Jack Benny', 'Robert Stack']"
228,A Batalha de Argel,8.1,Gillo Pontecorvo,1966,2h 1m,"['Brahim Hadjadj', 'Jean Martin', 'Yacef Saadi']"
229,"Rebecca, a Mulher Inesquecível",8.1,Alfred Hitchcock,1940,2h 10m,"['Laurence Olivier', 'Joan Fontaine', 'George Sanders']"
230,As Vinhas da Ira,8.1,John Ford,1940,2h 9m,"['Henry Fonda', 'Jane Darwell', 'John Carradine']"
231,Sempre ao Seu Lado,8.1,Lasse Hallström,2009,1h 33m,"['Richard Gere', 'Joan Allen', 'Cary-Hiroyuki Tagawa']"
232,Rebeldia Indomável,8.1,Stuart Rosenberg,1967,2h 7m,"['Paul Newman', 'George Kennedy', 'Strother Martin']"
233,Amores Brutos,8.1,Alejandro G. Iñárritu,2000,2h 34m,"['Emilio Echevarría', 'Gael García Bernal', 'Goya Toledo']"
234,Dersu Uzala,8.2,Akira Kurosawa,1975,2h 22m,"['Maksim Munzuk', 'Yuriy Solomin', 'Mikhail Bychkov']"
235,Piratas do Caribe: A Maldição do Pérola Negra,8.0,Gore Verbinski,2003,2h 23m,"['Johnny Depp', 'Geoffrey Rush', 'Orlando Bloom']"
236,Os Incompreendidos,8.1,François Truffaut,1959,1h 39m,"['Jean-Pierre Léaud', 'Albert Rémy', 'Claire Maurier']"
237,Meu Pai e Meu Filho,8.2,Cagan Irmak,2005,1h 52m,"['Çetin Tekindor', 'Fikret Kuskan', 'Hümeyra']"
238,Quando Duas Mulheres Pecam,8.1,Ingmar Bergman,1966,1h 25m,"['Bibi Andersson', 'Liv Ullmann', 'Margaretha Krook']"
239,O Ódio,8.1,Mathieu Kassovitz,1995,1h 38m,"['Vincent Cassel', 'Hubert Koundé', 'Saïd Taghmaoui']"
240,A Vida de Brian,8.0,Terry Jones,1979,1h 34m,"['Graham Chapman', 'John Cleese', 'Michael Palin']"
241,A Noviça Rebelde,8.1,Robert Wise,1965,2h 52m,"['Julie Andrews', 'Christopher Plummer', 'Eleanor Parker']"
242,Aconteceu Naquela Noite,8.1,Frank Capra,1934,1h 45m,"['Clark Gable', 'Claudette Colbert', 'Walter Connolly']"
243,A Criada,8.1,Park Chan-wook,2016,2h 25m,"['Kim Min-hee', 'Ha Jung-woo', 'Cho Jin-woong']"
244,Gandhi,8.1,Richard Attenborough,1982,3h 11m,"['Ben Kingsley', 'John Gielgud', 'Rohini Hattangadi']"
245,Aladdin,8.0,Ron Clements,1992,1h 30m,"['Scott Weinger', 'Robin Williams', 'Linda Larkin']"
246,Histórias Cruzadas,8.1,Tate Taylor,2011,2h 26m,"['Emma Stone', 'Viola Davis', 'Octavia Spencer']"
247,A Bela e a Fera,8.0,Gary Trousdale,1991,1h 24m,"[""Paige O'Hara"", 'Robby Benson', 'Jesse Corti']"
248,Dança com Lobos,8.0,Kevin Costner,1990,3h 1m,"['Kevin Costner', 'Mary McDonnell', 'Graham Greene']"
249,Rififi,8.1,Jules Dassin,1955,1h 58m,"['Jean Servais', 'Carl Möhner', 'Robert Manuel']"
